activity_id,activity_name,activity_type,start_time,distance,duration,avg_hr,max_hr,calories,avg_speed,elevation_gain,steps
21726447399,ריצה,running,2026-02-01 06:46:32,5004.43994140625,2164.281005859375,116.0,136.0,365.0,2.312000036239624,28.75,6046.0
21721782839,Zwift - solo ride on Grand Central Circuit in New York,virtual_ride,2026-01-31 15:34:49,50128.8984375,7664.0,128.0,151.0,1069.0,6.539999961853027,686.0,
21707339808,ריצה,running,2026-01-30 05:35:46,19011.119140625,6875.7421875,155.0,181.0,1494.0,2.765000104904175,145.2800000011921,19374.0
21697439635,שחייה בבריכה,lap_swimming,2026-01-29 06:03:52,825.0,2796.672119140625,88.0,131.0,222.0,0.7099999785423279,,
21690895014,מאמץ,strength_training,2026-01-28 15:17:22,0.0,3043.157958984375,95.0,128.0,215.0,0.0,,6.0
21686908913,FTP\Tempo 3- 2min\5min,running,2026-01-28 05:46:40,11207.76953125,4116.02587890625,160.0,190.0,891.0,2.7230000495910645,41.37999999523163,11622.0
21676214959,Zwift - FTP Test [Standard] on The Highline in New York,virtual_ride,2026-01-27 06:10:10,15563.8701171875,2736.0,131.0,170.0,396.0,5.688000202178955,303.0,
21670056293,מאמץ,strength_training,2026-01-26 16:14:51,0.0,2453.830078125,80.0,111.0,113.0,0.0,,18.0
21666137019,"2 min aerobic, 2 min 10K pace, 2",running,2026-01-26 06:01:58,9436.08984375,3225.659912109375,142.0,162.0,723.0,2.924999952316284,35.839999973773956,9170.0
21656000255,ריצה,running,2026-01-25 07:15:36,6300.5400390625,2587.243896484375,146.0,168.0,491.0,2.434999942779541,26.790000021457672,7216.0
21649996426,מאמץ,strength_training,2026-01-24 15:17:38,0.0,2100.822998046875,93.0,120.0,145.0,0.0,,8.0
21645916237,ריצה,running,2026-01-24 07:21:38,10207.599609375,4207.99609375,155.0,173.0,804.0,2.4260001182556152,28.430000007152557,11624.0
21637113986,ריצה,running,2026-01-23 09:30:31,6551.7099609375,2499.43896484375,146.0,162.0,513.0,2.621000051498413,64.69999998807907,6946.0
21636038916,ריצה,running,2026-01-23 06:09:49,2472.56005859375,912.2329711914062,134.0,153.0,186.0,2.7100000381469727,25.479999989271164,2596.0
21615143093,2K repeats alternating over and,running,2026-01-21 06:11:10,8766.2197265625,3026.64697265625,166.0,182.0,695.0,2.8959999084472656,32.0,8534.0
21615142494,ריצה,running,2026-01-21 06:00:00,1586.9200439453125,618.1209716796875,134.0,154.0,124.0,2.566999912261963,9.959999978542328,1742.0
21604937127,Zwift - VO2-Progression.3: 4:00/2:30 x 2 on 2019 Worlds Harrogate Circuit in Yorkshire,virtual_ride,2026-01-20 08:51:29,19798.55078125,3617.0,116.0,148.0,428.0,5.4730000495910645,351.0,
21572600028,ריצה,running,2026-01-17 10:01:11,3338.260009765625,1248.14501953125,137.0,152.0,251.0,2.674999952316284,13.310000002384186,3558.0
21563229978,מאמץ,strength_training,2026-01-16 10:28:38,0.0,2364.424072265625,88.0,116.0,146.0,0.0,,8.0
21561986640,ריצה,running,2026-01-16 05:51:55,14246.7998046875,5501.97412109375,160.0,180.0,1174.0,2.5889999866485596,34.589999973773956,15314.0
21556311688,Zwift - Aerobic Torque Foundation- 6x6  on The Classic in Watopia,virtual_ride,2026-01-15 16:42:21,26493.5,4041.0,118.0,140.0,505.0,6.556000232696533,282.0,
21551574836,שחייה בבריכה,lap_swimming,2026-01-15 06:12:11,1575.0,2228.672119140625,121.0,155.0,392.0,0.7089999914169312,,
21540601945,Fartlek - 4 x (3-2-1) (uphill),running,2026-01-14 05:47:47,10718.8798828125,3788.827880859375,149.0,182.0,860.0,2.8289999961853027,27.280000001192093,10602.0
21529304298,Zwift - Inbar Zahavi s Meetup on 2018 Worlds Short Lap in Innsbruck,virtual_ride,2026-01-13 06:02:01,19595.83984375,3543.0,0.0,0.0,451.0,5.53000020980835,463.0,
21523036671,מאמץ,strength_training,2026-01-12 16:18:39,0.0,1698.821044921875,88.0,114.0,106.0,0.0,,54.0
21518684608,ME- 3x8' Z4 (3' Z2 recoveries),running,2026-01-12 06:01:43,8049.9501953125,2875.31005859375,154.0,176.0,632.0,2.799999952316284,19.200000002980232,8094.0
21508147010,ריצה,running,2026-01-11 06:55:41,5009.18994140625,2117.40087890625,139.0,153.0,395.0,2.365999937057495,24.980000019073486,5924.0
21489187515,חצי מרתון טבריה 2026,running,2026-01-09 07:02:19,21246.140625,6697.27001953125,167.0,185.0,1649.0,3.1719999313354497,80.81999999284744,19190.0
21468083445,ריצה,running,2026-01-07 06:44:55,3129.449951171875,1286.8780517578125,148.0,166.0,245.0,2.431999921798706,14.050000000745058,3606.0
21450814868,מאמץ,strength_training,2026-01-05 16:08:26,0.0,1455.47802734375,85.0,120.0,81.0,0.0,,28.0
21446889403,ריצה,running,2026-01-05 06:55:32,7009.25,2803.284912109375,137.0,151.0,558.0,2.5,33.5,7824.0
21416559893,לקראת טבריה,running,2026-01-02 05:58:27,16014.76953125,5546.9169921875,140.0,164.0,1187.0,2.88700008392334,48.28000000119209,15742.0
21408612970,Zwift - Low rpm SS 2(3).2@90 Low rpm on Knickerbocker in New York,virtual_ride,2026-01-01 09:27:16,23477.390625,4038.0,118.0,137.0,495.0,5.814000129699706,385.0,
21408084958,שחייה בבריכה,lap_swimming,2026-01-01 06:02:22,1425.0,2864.031005859375,107.0,129.0,384.0,0.7549999952316284,,
21398726259,Over Threshold Intervals,running,2025-12-31 05:46:43,9556.0400390625,3403.424072265625,146.0,172.0,754.0,2.808000087738037,26.889999985694885,9630.0
21389089884,Zwift - Noa Cafri s Meetup on Coast Crusher in Watopia,virtual_ride,2025-12-30 06:00:06,35657.0703125,4454.0,0.0,0.0,563.0,8.005000114440918,185.0,
21383501027,מאמץ,strength_training,2025-12-29 15:44:07,0.0,2296.072021484375,93.0,127.0,161.0,0.0,,14.0
21379626054,Decending Intervals/3000-400,running,2025-12-29 06:01:57,9239.3203125,3221.513916015625,141.0,164.0,722.0,2.868000030517578,28.349999994039536,9168.0
21369959717,ריצה,running,2025-12-28 06:22:01,7007.2001953125,2898.8779296875,127.0,145.0,543.0,2.4170000553131104,13.090000003576279,8072.0
21351768311,ריצה,running,2025-12-26 06:59:32,15602.08984375,5826.11083984375,151.0,184.0,1202.0,2.677999973297119,25.200000002980232,16462.0
21345949565,"Zwift - SF(ME) -10 mins @ 70.3 Goal Watts, 2 mins @ FTP, 3 mins easy, repeated - 3 hrs on R.G.V. in France",virtual_ride,2025-12-25 11:09:47,20004.439453125,4278.0,124.0,144.0,581.0,4.676000118255615,447.0,
21344643508,שחייה בבריכה,lap_swimming,2025-12-25 06:02:14,1900.0,2583.452880859375,110.0,134.0,480.0,0.7350000143051147,,
21340548674,מאמץ,strength_training,2025-12-24 15:12:10,0.0,2392.60791015625,88.0,128.0,147.0,0.0,,28.0
21336856091,"2000, 1600, 400s",running,2025-12-24 06:03:05,9823.9404296875,3428.881103515625,154.0,185.0,789.0,2.865000009536743,25.37999999523163,9726.0
21336854703,ריצה,running,2025-12-24 05:45:35,1669.97998046875,669.4180297851562,128.0,142.0,135.0,2.494999885559082,4.079999998211861,1888.0
21328286345,Zwift - Inbar Zahavi s Meetup on Accelerate to Elevate in Watopia,virtual_ride,2025-12-23 06:00:02,29551.720703125,3789.0,124.0,151.0,493.0,7.798999786376953,174.0,
21323231570,מאמץ,strength_training,2025-12-22 15:53:33,0.0,1592.4539794921875,84.0,110.0,87.0,0.0,,10.0
21319784970,6X(5 5 1),running,2025-12-22 06:02:01,8001.60986328125,2872.472900390625,140.0,159.0,617.0,2.7860000133514404,22.589999973773956,8128.0
21303521044,ריצה,running,2025-12-20 09:47:58,8240.6201171875,2874.176025390625,166.0,193.0,632.0,2.867000102996826,18.140000000596046,8224.0
21295035378,ארוכה עם שעשע,running,2025-12-19 05:34:47,18008.919921875,5958.88818359375,156.0,186.0,1396.0,3.022000074386597,43.28000000119209,17216.0
21286700666,שחייה בבריכה,lap_swimming,2025-12-18 06:40:25,1000.0,1590.1629638671875,114.0,127.0,240.0,0.6290000081062317,,
21283032191,מאמץ,strength_training,2025-12-17 17:06:05,0.0,3423.373046875,80.0,109.0,152.0,0.0,,16.0
21278201289,ריצה,running,2025-12-17 07:08:06,11046.400390625,4066.988037109375,159.0,174.0,891.0,2.7160000801086426,22.34000000357628,11644.0
21268808937,Zwift - Noa Cafri s Meetup on NYC KOM After Party in New York,virtual_ride,2025-12-16 06:00:03,32840.87109375,4390.0,0.0,0.0,563.0,7.480000019073487,364.0,
21260142092,ריצה,running,2025-12-15 07:00:00,1677.7099609375,660.5469970703125,130.0,140.0,128.0,2.539999961853027,4.280000001192093,1870.0
21260141799,30min TEST run,running,2025-12-15 06:26:56,6303.89013671875,1828.385986328125,159.0,174.0,440.0,3.447999954223633,20.100000001490116,5374.0
21260141445,ריצה,running,2025-12-15 06:01:23,1365.3800048828125,542.5120239257812,120.0,133.0,100.0,2.5169999599456787,4.6700000166893005,1550.0
21256419034,מאמץ,strength_training,2025-12-14 16:45:07,0.0,2981.85400390625,76.0,109.0,117.0,0.0,,102.0
21251407178,ריצה,running,2025-12-14 06:19:43,7221.33984375,2971.721923828125,127.0,153.0,583.0,2.430000066757202,27.77999997138977,8292.0
21248592676,Zwift - Workout 3 on Grand Central Circuit in New York,virtual_ride,2025-12-13 18:51:49,15589.990234375,2952.0,0.0,0.0,419.0,5.281000137329102,361.0,
21234894667,שישי ארוכה,running,2025-12-12 06:01:35,18006.580078125,6462.96923828125,153.0,175.0,1449.0,2.7860000133514404,49.99000000953674,18304.0
21226046979,שחייה בבריכה,lap_swimming,2025-12-11 06:02:14,1800.0,2590.135986328125,111.0,140.0,472.0,0.7730000019073486,,
21220392893,מאמץ,strength_training,2025-12-10 15:26:43,0.0,1918.6240234375,87.0,115.0,115.0,0.0,,120.0
21216989316,ריצה בהליכון,treadmill_running,2025-12-10 06:36:01,10200.0,3672.712890625,148.0,166.0,706.0,2.776999950408935,,10284.0
21207504369,Zwift - Inbar Zahavi s Meetup on Accelerate to Elevate in Watopia,virtual_ride,2025-12-09 06:00:02,29512.060546875,3788.0,0.0,0.0,501.0,7.789999961853027,167.0,
21202529268,מאמץ,strength_training,2025-12-08 16:36:25,0.0,2527.944091796875,83.0,119.0,132.0,0.0,,24.0
21198450204,ריצה,running,2025-12-08 07:08:51,2138.090087890625,883.8359985351562,139.0,153.0,172.0,2.4189999103546143,11.209999993443489,2450.0
21198449955,Supra-Threshold,running,2025-12-08 05:39:53,12450.8896484375,4363.73486328125,137.0,159.0,959.0,2.8529999256134033,32.72000002861023,12364.0
21181738885,ריצה,running,2025-12-06 10:04:36,7163.35009765625,2590.410888671875,148.0,155.0,564.0,2.765000104904175,22.100000001490116,7350.0
21181430114,אופניים,cycling,2025-12-06 06:37:26,74470.15625,10287.4296875,123.0,157.0,1231.0,7.238999843597412,727.5299999713898,
21174107601,מאמץ,strength_training,2025-12-05 11:04:39,0.0,1563.4530029296875,86.0,107.0,93.0,0.0,,8.0
21172985351,שישי ארוכה,running,2025-12-05 05:51:30,16043.1904296875,5854.208984375,136.0,152.0,1274.0,2.740000009536743,36.889999985694885,16330.0
21165259720,Zwift - SuperFly - Sweet Spot #3 on Volcano Flat in Watopia,virtual_ride,2025-12-04 09:13:45,28839.6796875,4334.0,119.0,138.0,516.0,6.6539998054504395,228.0,
21158596090,מאמץ,strength_training,2025-12-03 15:25:51,0.0,2198.4169921875,84.0,110.0,119.0,0.0,,30.0
21155024098,K (KEY) Run - Build up VO2max in,running,2025-12-03 05:47:48,10012.7099609375,3551.30810546875,161.0,180.0,810.0,2.819000005722046,33.46000000834465,10040.0
21145428337,Zwift - Super Threshold on Greater London Flat in London,virtual_ride,2025-12-02 05:59:02,27591.4296875,3676.0,0.0,0.0,448.0,7.505000114440918,123.0,
21140173232,מאמץ,strength_training,2025-12-01 16:25:38,323.510009765625,2274.202880859375,86.0,117.0,135.0,0.1420000046491623,,68.0
21136488251,Supra-Threshold,running,2025-12-01 06:01:12,9308.41015625,3275.532958984375,163.0,191.0,769.0,2.842000007629394,24.8299999833107,9318.0
21127548644,ריצה,running,2025-11-30 06:04:37,10186.16015625,3933.72705078125,139.0,153.0,763.0,2.5889999866485596,16.649999976158142,11066.0
21122692496,מאמץ,strength_training,2025-11-29 15:32:31,0.0,1869.998046875,92.0,110.0,129.0,0.0,,60.0
21119533891,אופניים,cycling,2025-11-29 06:45:08,74580.921875,10505.701171875,130.0,159.0,1351.0,7.098999977111817,752.9399999976158,
21111080428,Slow run+ aerobic intervals,running,2025-11-28 06:17:33,14592.08984375,5583.783203125,146.0,176.0,1194.0,2.61299991607666,42.46000000834465,15640.0
21102105660,שחייה בבריכה,lap_swimming,2025-11-27 06:02:28,2025.0,2914.215087890625,109.0,135.0,541.0,0.7009999752044678,,
21092871596,Fartlek,running,2025-11-26 05:46:59,9004.1298828125,3168.945068359375,149.0,183.0,719.0,2.8410000801086426,33.310000002384186,8996.0
21083469284,Zwift - Noa Cafri s Meetup on Suki s Playground in Makuri Islands,virtual_ride,2025-11-25 06:00:04,31414.029296875,3971.0,0.0,0.0,510.0,7.90999984741211,255.0,
21074583468,Supra-Threshold,running,2025-11-24 05:39:49,13370.0703125,4818.98095703125,140.0,166.0,1043.0,2.7739999294281006,24.44999998807907,13668.0
21070255347,מאמץ,strength_training,2025-11-23 16:23:42,0.0,2424.98388671875,91.0,129.0,163.0,0.0,,96.0
21056627395,ריצה עם מולי,running,2025-11-22 06:47:54,12151.58984375,4726.330078125,145.0,170.0,974.0,2.571000099182129,35.8299999833107,13240.0
21049087780,אופניים,cycling,2025-11-21 06:36:02,70652.03125,11083.8349609375,133.0,163.0,1509.0,6.374000072479249,1012.419999986887,
21042818505,מאמץ,strength_training,2025-11-20 15:23:50,0.0,2109.18896484375,94.0,123.0,154.0,0.0,,76.0
21039271095,שחייה בבריכה,lap_swimming,2025-11-20 06:00:38,2150.0,3217.22509765625,111.0,128.0,566.0,0.6769999861717224,,
21029913381,S (SUPPORTING) Run - Long Zone 2,running,2025-11-19 06:03:16,8569.080078125,3108.59912109375,145.0,160.0,694.0,2.756999969482422,21.850000023841858,8724.0
21029912701,ריצה,running,2025-11-19 05:25:17,5381.740234375,2214.830078125,126.0,139.0,425.0,2.430000066757202,20.09000000357628,6164.0
21024552090,שחייה בבריכה,lap_swimming,2025-11-18 16:33:13,2025.0,3522.34912109375,108.0,118.0,495.0,0.574999988079071,,
21020092848,Zwift - Inbar Zahavi s Meetup on The Muckle Yin in Scotland,virtual_ride,2025-11-18 06:00:12,25439.970703125,3643.0,0.0,0.0,466.0,6.982999801635743,293.0,
21015117028,מאמץ,strength_training,2025-11-17 17:19:48,0.0,1602.175048828125,86.0,121.0,92.0,0.0,,36.0
21010947229,Lactate Clearance: 1M On/1M Off,running,2025-11-17 05:37:49,13607.6904296875,5097.19921875,134.0,169.0,1084.0,2.670000076293945,29.889999985694885,14298.0
21001408570,Zwift - 10/8/4min Threshold on Greater London Flat in London,virtual_ride,2025-11-16 06:13:10,23973.69921875,2960.0,0.0,0.0,412.0,8.098999977111816,106.0,
20998393008,ריצה,running,2025-11-15 19:02:38,5008.8701171875,2108.714111328125,126.0,139.0,383.0,2.375,23.610000014305115,5908.0
20974484508,ריצה,running,2025-11-13 08:19:24,6006.4501953125,2350.84912109375,139.0,157.0,483.0,2.5550000667572017,20.509999990463257,6574.0
20973979228,שחייה בבריכה,lap_swimming,2025-11-13 06:00:32,1875.0,2726.27587890625,114.0,131.0,466.0,0.6880000233650208,,
20969189952,מאמץ,strength_training,2025-11-12 16:47:54,0.0,2369.712890625,87.0,133.0,145.0,0.0,,8.0
20964066846,"Rotate 10 min zone 2, 5 min zone",running,2025-11-12 05:25:00,13673.51953125,5200.3681640625,154.0,174.0,1109.0,2.628999948501587,39.28999999165535,14588.0
20953527058,Zwift - Inbar Zahavi s Meetup on Bridges and Boardwalks in Makuri Islands,virtual_ride,2025-11-11 05:59:59,21803.0390625,3128.0,106.0,156.0,420.0,6.96999979019165,189.0,
20944138189,Lactate Clearance: 1M On/1M Off,running,2025-11-10 05:41:37,13701.41015625,5138.88720703125,141.0,176.0,1079.0,2.6659998893737793,32.55000001192093,14464.0
20939743969,מאמץ,strength_training,2025-11-09 16:38:06,0.0,2177.9951171875,95.0,124.0,162.0,0.0,,10.0
20926200401,Zwift - Out And Back Again in Watopia,virtual_ride,2025-11-08 09:57:36,47982.609375,6455.0,117.0,140.0,856.0,7.433000087738037,424.0,
20915860067,Aerobic Endurance 8 X Zone 4 pic,running,2025-11-07 05:57:18,13352.740234375,5222.1259765625,132.0,161.0,1039.0,2.556999921798706,17.280000001192093,14520.0
20906708125,Zwift - Aerobic base& Power ups on London 8 in London,virtual_ride,2025-11-06 08:07:54,23221.009765625,3691.0,0.0,0.0,460.0,6.290999889373779,281.0,
20906111117,שחייה בבריכה,lap_swimming,2025-11-06 06:01:32,2025.0,2862.506103515625,117.0,154.0,503.0,0.7160000205039977,,
20900728209,מאמץ,strength_training,2025-11-05 16:55:53,0.0,2446.492919921875,91.0,125.0,163.0,0.0,,48.0
20895996487,ריצה,running,2025-11-05 05:20:03,13312.7197265625,5255.06005859375,141.0,178.0,1064.0,2.532999992370605,49.189999997615814,14754.0
20885356131,Zwift - Inbar Zahavi s Meetup on BRAEk-fast Crits and Grits in Scotland,virtual_ride,2025-11-04 06:00:03,24913.630859375,3393.0,0.0,0.0,476.0,7.3420000076293945,282.0,
20875507639,Lactate Clearance: 1M On/1M Off,running,2025-11-03 05:30:57,12013.150390625,4509.55712890625,137.0,156.0,975.0,2.6640000343322754,28.019999999552965,12650.0
20864832637,שחייה בבריכה,lap_swimming,2025-11-02 06:08:31,2250.0,2842.623046875,114.0,134.0,600.0,0.7919999957084656,,
20846656752,ריצה,running,2025-10-31 06:00:14,16009.4296875,6207.31884765625,143.0,164.0,1310.0,2.5789999961853027,40.69999998807907,17172.0
20840991577,Zwift - FTP Test [Standard] on Tempus Fugit in Watopia,virtual_ride,2025-10-30 15:18:47,23263.23046875,2781.0,0.0,0.0,385.0,8.364999771118164,37.0,
20838416169,מאמץ,strength_training,2025-10-30 10:00:38,0.0,2763.39208984375,92.0,130.0,187.0,0.0,,22.0
20837271111,שחייה בבריכה,lap_swimming,2025-10-30 06:00:26,2325.0,3142.777099609375,111.0,131.0,572.0,0.7440000176429749,,
20827569085,"Aerobic Run, Progressive To Fast",running,2025-10-29 05:47:19,11001.9404296875,4136.56982421875,139.0,165.0,911.0,2.6600000858306885,25.40999999642372,11608.0
20817473664,Zwift - Inbar Zahavi s Meetup on Accelerate to Elevate in Watopia,virtual_ride,2025-10-28 06:00:04,28582.33984375,3412.0,0.0,0.0,438.0,8.376999855041504,113.0,
20808239837,Anaerobic Stamina: 90S Reps w/ M,running,2025-10-27 06:02:56,10999.400390625,4129.52099609375,139.0,169.0,862.0,2.6640000343322754,26.03999999910593,11524.0
20804053350,מאמץ,strength_training,2025-10-26 16:17:18,0.0,3280.093017578125,94.0,142.0,237.0,0.0,,42.0
20789623703,אופניים,cycling,2025-10-25 06:39:10,71547.4609375,11224.6767578125,126.0,163.0,1302.0,6.374000072479249,676.7400000095367,
20780771991,משחה Port2Port,open_water_swimming,2025-10-24 08:15:05,1821.3800048828125,2730.39404296875,105.0,131.0,434.0,0.6669999957084656,,
20780135101,ריצה,running,2025-10-24 06:01:34,4743.7001953125,1868.4539794921875,134.0,148.0,401.0,2.5390000343322754,9.379999995231628,5222.0
20771308673,שחייה בבריכה,lap_swimming,2025-10-23 06:33:14,2000.0,3265.85498046875,110.0,129.0,480.0,0.6119999885559082,,
20755385865,מאמץ,strength_training,2025-10-21 16:27:28,0.0,2006.7249755859375,88.0,116.0,128.0,0.0,,22.0
20751190766,Zwift - VO2max: 3M Supra-Into-VO2Max Intervals (Level 1) on Hilly Route in Watopia,virtual_ride,2025-10-21 06:03:49,24816.830078125,3709.0,0.0,0.0,488.0,6.69000005722046,299.0,
20745182497,שחייה בבריכה,lap_swimming,2025-10-20 15:44:43,1250.0,1954.012939453125,102.0,130.0,301.0,0.6399999856948853,,
20741811311,Anaerobic Stamina: 90S Reps w/ M,running,2025-10-20 06:02:02,11485.76953125,4342.56005859375,151.0,174.0,943.0,2.6449999809265137,39.11999999731779,12228.0
20738462327,Zwift - 2 by 2 on Ocean Lava Cliffside Loop in Watopia,virtual_ride,2025-10-19 18:40:27,12058.1103515625,1803.0,0.0,0.0,271.0,6.686999797821045,131.0,
20722635883,אופניים,cycling,2025-10-18 06:44:17,57800.62109375,10769.189453125,129.0,172.0,1409.0,5.367000102996826,966.6700000166893,
20712897361,Long Run,running,2025-10-17 06:08:24,15017.1904296875,5595.7880859375,150.0,169.0,1256.0,2.6840000152587886,38.389999985694885,15730.0
20702940804,שחייה בבריכה,lap_swimming,2025-10-16 06:00:55,1975.0,2747.2490234375,122.0,155.0,528.0,0.7269999980926514,,
20693707611,מאמץ,strength_training,2025-10-15 09:24:54,0.0,2489.989990234375,97.0,126.0,199.0,0.0,,10.0
20682757584,ריצה,running,2025-10-14 08:11:25,8004.10986328125,3329.52587890625,153.0,182.0,659.0,2.4040000438690186,23.5,9244.0
20682370072,"3x1 @ 100%, then (8,10,12 @ 95-1",cycling,2025-10-14 06:43:48,34876.1796875,4585.7509765625,134.0,161.0,695.0,7.605000019073486,106.41999998688698,
20672299319,Anaerobic Stamina: 90S Reps w/ M,running,2025-10-13 06:01:41,8104.89990234375,2870.050048828125,137.0,157.0,642.0,2.8239998817443848,18.94999998807907,8130.0
20667246515,מאמץ,strength_training,2025-10-12 16:13:52,0.0,3106.162109375,97.0,135.0,237.0,0.0,,96.0
20661829504,שחייה בבריכה,lap_swimming,2025-10-12 06:04:01,2150.0,2948.10400390625,118.0,152.0,591.0,0.7360000014305115,,
20642941911,ריצה,running,2025-10-10 05:56:55,16006.5,6286.39599609375,152.0,174.0,1320.0,2.5460000038146973,33.34000000357628,17494.0
20632924524,שחייה בבריכה,lap_swimming,2025-10-09 06:01:36,700.0,2027.2060546875,104.0,133.0,170.0,0.7300000190734863,,
20622761967,מאמץ,strength_training,2025-10-08 07:01:31,0.0,2639.652099609375,97.0,132.0,209.0,0.0,,60.0
20622761488,tempo park run,running,2025-10-08 05:47:43,9573.6396484375,3480.212890625,148.0,173.0,785.0,2.750999927520752,23.150000005960464,9822.0
20612574661,ריצה,running,2025-10-07 08:39:00,6006.1201171875,2531.778076171875,133.0,152.0,473.0,2.371999979019165,20.09000000357628,7002.0
20612573491,E-2.2: Base Building/Cadence Dri,cycling,2025-10-07 06:53:58,43119.609375,5671.5439453125,124.0,150.0,671.0,7.603000164031983,173.5799999833107,
20605286442,שחייה בבריכה,lap_swimming,2025-10-06 14:29:53,2000.0,2975.156982421875,112.0,136.0,494.0,0.6890000104904174,,
20602503150,ריצה,running,2025-10-06 08:02:43,8005.68017578125,3195.053955078125,140.0,166.0,657.0,2.50600004196167,20.40999999642372,8946.0
20583439556,אופניים,cycling,2025-10-04 06:31:51,75044.921875,11924.67578125,124.0,153.0,1412.0,6.293000221252441,752.419999986887,
20573494524,ריצה,running,2025-10-03 06:02:35,14589.9296875,5400.73583984375,155.0,176.0,1201.0,2.7009999752044678,54.56999999284744,15180.0
20564309282,ריצה,running,2025-10-02 09:25:50,6006.25,2445.65087890625,149.0,165.0,495.0,2.4560000896453857,37.9200000166893,6762.0
20563754918,אופניים,cycling,2025-10-02 06:27:09,50031.66015625,7241.56787109375,124.0,154.0,842.0,6.908999919891357,264.0099999997765,
20553240525,מאמץ,strength_training,2025-10-01 07:32:53,0.0,1993.3089599609375,99.0,128.0,168.0,0.0,,56.0
20553007605,LOW TEMPO,running,2025-10-01 05:47:26,11740.7802734375,4216.248046875,153.0,179.0,972.0,2.785000085830688,27.009999999776483,11920.0
20542475048,VO2-2.2: 6 minute Time Trials,cycling,2025-09-30 06:17:20,33640.44140625,4263.89599609375,130.0,155.0,612.0,7.889999866485596,104.89999997615814,
20532255083,VO2max: Hard-Start Intervals (Le,running,2025-09-29 06:01:39,9621.4501953125,3468.759033203125,147.0,179.0,760.0,2.7739999294281006,17.050000000745058,9570.0
20512326699,אופניים,cycling,2025-09-27 06:25:48,71356.9765625,12556.5234375,136.0,164.0,1722.0,5.683000087738037,1032.5400000214577,
20503650614,מאמץ,strength_training,2025-09-26 10:27:59,0.0,2851.31005859375,108.0,140.0,273.0,0.0,,136.0
20502464915,ריצה,running,2025-09-26 07:14:47,2500.60009765625,1060.7259521484375,145.0,160.0,206.0,2.3570001125335693,7.379999995231628,2922.0
20502464594,איכות שישי קצר,running,2025-09-26 06:15:18,8508.91015625,3177.993896484375,148.0,168.0,691.0,2.6770000457763667,25.509999990463257,8956.0
20483073964,מאמץ,strength_training,2025-09-24 08:01:20,0.0,3235.85400390625,90.0,136.0,216.0,0.0,,28.0
20472254322,ריצה,running,2025-09-23 07:09:01,12006.5595703125,4705.6708984375,144.0,162.0,871.0,2.552000045776367,14.589999973773956,13046.0
20464596800,שחייה בבריכה,lap_swimming,2025-09-22 13:32:30,2000.0,3096.014892578125,115.0,134.0,486.0,0.6499999761581421,,
20441533100,אופניים,cycling,2025-09-20 06:29:43,69530.171875,10521.2314453125,120.0,155.0,1176.0,6.609000205993652,362.34999999403954,
20432190496,מאמץ,strength_training,2025-09-19 09:34:53,0.0,2767.462890625,92.0,118.0,189.0,0.0,,10.0
20431249288,ריצה,running,2025-09-19 06:22:43,10004.76953125,3956.6220703125,140.0,169.0,831.0,2.5290000438690186,32.89999997615814,10996.0
20420716912,שחייה בבריכה,lap_swimming,2025-09-18 06:01:24,250.0,404.5069885253906,93.0,113.0,60.0,0.662000000476837,,
20410329389,ריצה,running,2025-09-17 06:19:04,10442.2197265625,4253.22119140625,142.0,159.0,828.0,2.4549999237060547,55.77999997138977,11780.0
20399483889,אופניים,cycling,2025-09-16 06:20:35,36231.12109375,4598.62890625,134.0,148.0,697.0,7.879000186920166,140.85000002384186,
20378722427,אופניים,cycling,2025-09-14 07:25:03,20588.6796875,2614.597900390625,133.0,151.0,424.0,7.875000000000001,66.31000000238419,
20368516506,ריצה,running,2025-09-13 06:54:48,12008.0,4747.419921875,142.0,160.0,975.0,2.5290000438690186,35.310000002384186,13278.0
20360313106,אופניים,cycling,2025-09-12 10:44:03,4912.52978515625,799.9030151367188,112.0,130.0,100.0,6.140999794006348,19.389999985694885,
20348540438,שחייה בבריכה,lap_swimming,2025-09-11 07:03:50,1200.0,2006.72900390625,110.0,123.0,290.0,0.5979999899864197,,
20338122372,ריצה,running,2025-09-10 07:12:11,6073.43994140625,2463.965087890625,150.0,166.0,500.0,2.4649999141693115,11.109999999403954,6918.0
20337937038,אופניים,cycling,2025-09-10 06:20:33,22807.2109375,2846.404052734375,135.0,148.0,472.0,8.012999534606934,94.23000000417233,
20326738841,ריצה,running,2025-09-09 06:31:57,5209.43017578125,2157.885986328125,142.0,160.0,422.0,2.4140000343322754,11.959999978542328,6008.0
20316146380,מאמץ,strength_training,2025-09-08 07:00:31,0.0,1584.81103515625,106.0,137.0,161.0,0.0,,40.0
20316041546,ריצה בהליכון,treadmill_running,2025-09-08 06:18:24,6012.68017578125,2227.364990234375,141.0,168.0,423.0,2.6989998817443848,,6212.0
20305058170,אופניים,cycling,2025-09-07 06:15:32,30027.5390625,4603.85009765625,123.0,155.0,568.0,6.521999835968018,173.2800000011921,
20294552843,ריצה,running,2025-09-06 06:34:25,10008.8603515625,4037.195068359375,139.0,156.0,815.0,2.4790000915527344,24.639999985694885,11210.0
20274475208,אופניים,cycling,2025-09-04 06:37:23,30039.439453125,3942.382080078125,130.0,148.0,596.0,7.619999885559082,127.20000000298023,
20263429417,ריצה,running,2025-09-03 06:39:02,8004.2998046875,3292.0859375,139.0,160.0,661.0,2.430999994277954,24.80000001192093,9142.0
20252100515,מאמץ,strength_training,2025-09-02 06:28:13,0.0,2662.10693359375,99.0,125.0,223.0,0.0,,50.0
20241652287,ריצה,running,2025-09-01 06:16:34,5876.35986328125,2514.8740234375,134.0,162.0,472.0,2.3369998931884766,19.899999976158142,6956.0
20221092083,אופניים,cycling,2025-08-30 07:42:36,26338.55078125,3624.419921875,130.0,149.0,541.0,7.267000198364258,101.23999999463558,
20220834660,ריצה,running,2025-08-30 06:36:02,6007.22021484375,2604.237060546875,130.0,149.0,474.0,2.306999921798706,13.740000009536743,7170.0
20211766841,מאמץ,strength_training,2025-08-29 07:27:36,0.0,2916.8740234375,91.0,127.0,204.0,0.0,,14.0
20201938920,אופניים,cycling,2025-08-28 07:38:57,30439.830078125,4139.68603515625,136.0,157.0,672.0,7.353000164031982,118.6700000166893,
20201512175,ריצה,running,2025-08-28 06:34:26,5427.330078125,2565.927978515625,123.0,143.0,424.0,2.115000009536743,14.300000011920929,6768.0
20190564688,אופניים,cycling,2025-08-27 06:19:04,21164.44921875,2848.299072265625,124.0,144.0,392.0,7.431000232696534,91.00999999977648,
20126762866,אימון אופניים,cycling,2025-08-21 06:14:43,26730.73046875,3535.2939453125,126.0,147.0,484.0,7.560999870300293,108.10000000149012,
20121689403,שחייה בבריכה,lap_swimming,2025-08-20 18:15:43,800.0,2070.510009765625,110.0,129.0,192.0,0.6159999966621399,,
20121049221,מאמץ,strength_training,2025-08-20 16:57:50,0.0,3367.60595703125,103.0,144.0,304.0,0.0,,64.0
20104785624,אופניים,cycling,2025-08-19 07:23:36,28783.5,3967.842041015625,127.0,151.0,540.0,7.254000186920166,113.15999999642372,
20088776188,אופניים,cycling,2025-08-17 16:52:05,21729.69921875,3307.741943359375,130.0,150.0,501.0,6.568999767303467,75.07000000029802,
20074856502,Intro to Speed & Power,lap_swimming,2025-08-16 11:53:22,1475.0,2796.580078125,107.0,132.0,322.0,0.6650000214576721,,
20072608447,אופניים,cycling,2025-08-16 06:22:33,30263.609375,4028.923095703125,125.0,157.0,526.0,7.51200008392334,99.15999999642372,
20062994868,מאמץ,strength_training,2025-08-15 07:55:08,0.0,4248.06396484375,96.0,151.0,336.0,0.0,,46.0
20041863192,Base Training,lap_swimming,2025-08-13 06:39:53,2925.0,5265.54296875,114.0,140.0,655.0,0.6320000290870667,,
20030649884,מאמץ,strength_training,2025-08-12 06:28:10,0.0,3805.02197265625,105.0,153.0,356.0,0.0,,14.0
20008207095,הליכה,walking,2025-08-10 06:11:41,5639.240234375,3954.797119140625,77.0,105.0,369.0,1.4259999990463257,18.07999999821186,7852.0
19998174118,Threshold Challenge,lap_swimming,2025-08-09 08:07:31,2375.0,4529.56591796875,108.0,145.0,483.0,0.6769999861717224,,
19954321979,מאמץ,strength_training,2025-08-05 07:07:15,0.0,1559.6689453125,107.0,131.0,157.0,0.0,,60.0
19954215856,ריצה בהליכון,treadmill_running,2025-08-05 06:27:43,5022.6298828125,1904.7149658203125,122.0,146.0,259.0,2.63700008392334,,5260.0
19943002823,Technique Focus,lap_swimming,2025-08-04 06:47:33,2000.0,3937.60693359375,104.0,133.0,272.0,0.6320000290870667,,
19932103374,ריצה,running,2025-08-03 06:35:55,7008.7900390625,2898.864013671875,138.0,166.0,556.0,2.4179999828338623,16.389999985694885,7984.0
19912424623,מאמץ,strength_training,2025-08-01 07:08:48,0.0,1395.6090087890625,80.0,106.0,68.0,0.0,,14.0
19912319514,ריצה בהליכון,treadmill_running,2025-08-01 06:27:22,5024.02001953125,1937.2010498046875,138.0,164.0,353.0,2.5929999351501465,,5302.0
19902186326,הליכה,walking,2025-07-31 07:02:03,4808.14013671875,3341.85693359375,79.0,107.0,311.0,1.4390000104904173,20.100000001490116,6730.0
19891378010,Building the Base,lap_swimming,2025-07-30 06:31:32,2450.0,4866.3349609375,99.0,133.0,612.0,0.6010000109672546,,
19880106453,מאמץ,strength_training,2025-07-29 06:30:32,0.0,3334.83203125,98.0,136.0,277.0,0.0,,14.0
19870878859,Technique Focus,lap_swimming,2025-07-28 09:15:43,2025.0,4066.876953125,100.0,129.0,254.0,0.6290000081062317,,
19855139766,מאמץ,strength_training,2025-07-26 17:10:17,0.0,4059.532958984375,107.0,151.0,390.0,0.0,,52.0
19840510707,Getting Started,lap_swimming,2025-07-25 06:25:46,1775.0,3908.008056640625,99.0,122.0,353.0,0.5799999833106995,,
19831454423,מאמץ,strength_training,2025-07-24 10:05:48,0.0,2510.5390625,98.0,126.0,200.0,0.0,,8.0
19808413658,מאמץ,strength_training,2025-07-22 07:05:35,0.0,1226.9630126953125,109.0,147.0,130.0,0.0,,62.0
19808326148,ריצה בהליכון,treadmill_running,2025-07-22 06:29:07,5014.4501953125,1907.7939453125,141.0,177.0,363.0,2.628000020980835,,5272.0
19798249831,אימון בבריכה1,lap_swimming,2025-07-21 06:39:51,1320.0,2463.846923828125,98.0,124.0,321.0,0.5889999866485596,,
19784404670,ריצה,running,2025-07-19 19:05:34,4006.780029296875,1721.60498046875,127.0,143.0,308.0,2.3269999027252197,17.019999999552965,4802.0
19768390520,מאמץ,strength_training,2025-07-18 06:22:22,0.0,3262.47412109375,106.0,133.0,301.0,0.0,,78.0
19758049238,אימון בבריכה1,lap_swimming,2025-07-17 07:43:58,1200.0,2334.072998046875,105.0,132.0,295.0,0.5889999866485596,,
19747323978,אליפטיקל,elliptical,2025-07-16 06:38:25,0.0,3003.301025390625,115.0,145.0,331.0,0.0,,4408.0
19741150147,שחייה בבריכה,lap_swimming,2025-07-15 17:06:53,520.0,732.8309936523438,114.0,126.0,139.0,0.7099999785423279,,
19740942037,מאמץ,strength_training,2025-07-15 16:06:33,0.0,2925.9970703125,98.0,127.0,234.0,0.0,,24.0
19726035674,ריצה,running,2025-07-14 06:18:12,7006.85986328125,2976.3779296875,128.0,151.0,536.0,2.3540000915527344,21.219999998807907,8276.0
19719924846,מאמץ,strength_training,2025-07-13 14:57:05,0.0,2494.5009765625,97.0,129.0,197.0,0.0,,24.0
19696182523,מאמץ,strength_training,2025-07-11 06:40:00,0.0,2970.248046875,100.0,136.0,248.0,0.0,,46.0
19685948521,ריצה,running,2025-07-10 06:53:03,2008.550048828125,798.6220092773438,146.0,156.0,162.0,2.515000104904175,8.939999997615814,2258.0
19685948254,ריצה,running,2025-07-10 06:02:18,8009.56982421875,2688.93798828125,142.0,169.0,620.0,2.979000091552734,13.070000000298023,7762.0
19675479374,ריצה,running,2025-07-09 06:16:48,10009.6103515625,4087.60595703125,134.0,152.0,791.0,2.4489998817443848,27.839999973773956,11286.0
19668688465,מאמץ,strength_training,2025-07-08 15:22:02,0.0,2350.070068359375,91.0,115.0,160.0,0.0,,78.0
19664909711,ריצה,running,2025-07-08 07:17:17,2444.360107421875,1029.112060546875,147.0,157.0,201.0,2.375,9.159999996423721,2858.0
19664909380,שלישי אינטרוולים,running,2025-07-08 06:14:47,8464.080078125,3151.324951171875,140.0,174.0,664.0,2.686000108718872,19.310000002384186,8724.0
19655093532,ריצה,running,2025-07-07 06:20:43,10007.1796875,4068.998046875,136.0,163.0,801.0,2.4590001106262207,37.93000000715256,11242.0
19635548142,ריצה,running,2025-07-05 06:16:22,17008.109375,6333.1630859375,148.0,167.0,1333.0,2.686000108718872,29.400000005960464,17702.0
19635546893,ריצה GPS דפוק,running,2025-07-05 05:56:06,3287.489990234375,1083.81298828125,124.0,147.0,238.0,3.0329999923706055,7.129999995231628,3034.0
19625961871,ריצה,running,2025-07-04 06:29:32,6006.33984375,2490.589111328125,131.0,150.0,465.0,2.4119999408721924,13.620000004768372,6920.0
19616246553,מאמץ,strength_training,2025-07-03 07:30:03,0.0,2125.8720703125,88.0,117.0,130.0,0.0,,18.0
19616246052,ריצה בהליכון,treadmill_running,2025-07-03 06:34:54,7021.22998046875,2633.864013671875,127.0,145.0,380.0,2.6659998893737793,,7364.0
19605996493,ריצה,running,2025-07-02 06:24:17,10006.5302734375,4096.2578125,135.0,167.0,778.0,2.443000078201294,22.8299999833107,11404.0
19595545138,מאמץ,strength_training,2025-07-01 06:19:01,0.0,3620.5029296875,94.0,128.0,254.0,0.0,,76.0
19585746031,שני,running,2025-06-30 06:18:36,11334.599609375,3918.037109375,148.0,175.0,881.0,2.8929998874664307,27.639999985694885,11208.0
19575670351,ריצה,running,2025-06-29 06:10:29,10005.2099609375,3918.196044921875,136.0,154.0,783.0,2.5539999008178706,27.959999978542328,10900.0
19565962434,ריצה,running,2025-06-28 07:04:32,12009.259765625,4366.1650390625,149.0,168.0,948.0,2.750999927520752,109.43000000715256,12412.0
19547283103,חמישי,running,2025-06-26 06:32:46,10005.650390625,3648.39794921875,151.0,167.0,745.0,2.7420001029968257,16.8299999833107,10242.0
19536966984,מאמץ,strength_training,2025-06-25 06:32:35,0.0,3308.069091796875,98.0,130.0,248.0,0.0,,28.0
19526888658,ריצה,running,2025-06-24 07:34:31,7210.0,3043.537109375,139.0,154.0,518.0,2.3689542791824114,15.28999999165535,8448.0
19507691267,Camden ריצה,running,2025-06-22 07:21:14,10010.0703125,3651.510986328125,152.0,171.0,753.0,2.7409999370574947,30.20999999344349,10262.0
19489167055,מאמץ,strength_training,2025-06-20 09:20:27,0.0,2606.177978515625,99.0,125.0,206.0,0.0,,66.0
19488725762,ריצה בהליכון,treadmill_running,2025-06-20 08:24:44,5018.68994140625,1859.60205078125,154.0,179.0,394.0,2.6989998817443848,,5178.0
19467960288,Camden ריצה,running,2025-06-18 07:20:01,10016.0400390625,3682.27587890625,153.0,179.0,749.0,2.720000028610229,22.6700000166893,10418.0
19456876718,Leeds Hills,running,2025-06-17 06:18:45,10020.0498046875,4519.9267578125,139.0,168.0,817.0,2.2170000076293945,233.03999999910593,12372.0
19446661862,Leeds Hills run,running,2025-06-16 06:33:59,10013.26953125,4664.48779296875,147.0,170.0,835.0,2.1470000743865967,258.15000000596046,12726.0
19436534793,Tower Hamlets ריצה,running,2025-06-15 07:05:23,10112.6796875,3930.27099609375,132.0,148.0,758.0,2.572999954223633,81.87000000476837,11002.0
19427055307,City of London ריצה,running,2025-06-14 07:24:24,13557.3798828125,5599.35693359375,137.0,168.0,1033.0,2.4210000038146973,87.2800000011921,15592.0
19397110155,Tower Hamlets ריצה,running,2025-06-11 06:56:44,10010.0703125,4119.869140625,150.0,183.0,808.0,2.430000066757202,45.28999999165535,11516.0
19375208835,מאמץ,strength_training,2025-06-09 07:05:29,0.0,2325.841064453125,95.0,127.0,172.0,0.0,,92.0
19375090009,ריצה,running,2025-06-09 06:18:37,6008.06005859375,2457.946044921875,127.0,143.0,445.0,2.444000005722046,14.879999995231628,6772.0
19365329615,ריצה,running,2025-06-08 06:15:35,16129.66015625,6211.10498046875,139.0,164.0,1233.0,2.596999883651733,31.959999978542328,17328.0
19347649577,מאמץ,strength_training,2025-06-06 10:21:17,0.0,2838.10693359375,95.0,124.0,204.0,0.0,,16.0
19346471108,ריצה,running,2025-06-06 07:22:23,1049.300048828125,442.44500732421875,141.0,152.0,83.0,2.371999979019165,4.300000011920929,1238.0
19346470886,ריצה,running,2025-06-06 06:54:28,5010.830078125,1485.5240478515625,161.0,179.0,380.0,3.3729999065399174,1.050000000745058,4342.0
19346470537,ריצה,running,2025-06-06 06:39:53,2004.699951171875,796.802001953125,129.0,146.0,152.0,2.5160000324249268,1.0399999991059303,2250.0
19326532360,מאמץ,strength_training,2025-06-04 07:13:24,0.0,2074.35693359375,76.0,98.0,83.0,0.0,,22.0
19326357741,שחייה בבריכה,lap_swimming,2025-06-04 06:32:20,1200.0,1810.697998046875,102.0,118.0,287.0,0.6629999876022339,,
19315571452,ריצה,running,2025-06-03 06:54:46,2006.300048828125,816.2630004882812,150.0,173.0,161.0,2.4579999446868896,12.479999989271164,2294.0
19315571153,אימון קבוצה אחרי,running,2025-06-03 05:57:27,8020.10009765625,2885.325927734375,128.0,153.0,603.0,2.7799999713897705,18.77999997138977,7684.0
19306260437,ריצה,running,2025-06-02 07:28:22,12006.4599609375,4762.56689453125,134.0,165.0,953.0,2.5209999084472656,38.07999999821186,13214.0
19296448643,מאמץ,strength_training,2025-06-01 10:05:29,0.0,2582.468017578125,92.0,129.0,175.0,0.0,,136.0
19295504000,ריצה,running,2025-06-01 06:36:11,7009.4501953125,2963.011962890625,151.0,171.0,553.0,2.365999937057495,7.930000007152557,8242.0
19285431418,ריצה,running,2025-05-31 06:52:58,15011.419921875,5694.56591796875,143.0,175.0,1204.0,2.635999917984009,111.40999999642372,15962.0
19276201411,מאמץ,strength_training,2025-05-30 08:25:59,0.0,2156.445068359375,80.0,105.0,104.0,0.0,,14.0
19265748258,ריצה,running,2025-05-29 06:31:39,12007.3203125,4558.865234375,145.0,169.0,960.0,2.6340000629425044,30.050000000745058,12704.0
19260992368,ריצה,running,2025-05-28 18:17:43,5006.5400390625,2112.56396484375,132.0,148.0,390.0,2.369999885559082,18.009999999776483,5822.0
19256075540,מאמץ,strength_training,2025-05-28 06:41:01,0.0,3275.93408203125,80.0,116.0,152.0,0.0,,14.0
19245858699,ריצה,running,2025-05-27 06:53:39,3004.8701171875,1229.1949462890625,147.0,165.0,242.0,2.444999933242798,12.860000014305115,3452.0
19245858277,27.5.2025 before water holiday,running,2025-05-27 05:55:16,6693.10986328125,2532.56494140625,120.0,152.0,519.0,2.6429998874664307,15.550000011920929,6706.0
19236164410,ריצה,running,2025-05-26 06:17:31,11010.01953125,4592.85888671875,124.0,154.0,858.0,2.3970000743865967,28.589999973773956,12682.0
19216751366,שבת,running,2025-05-24 06:19:42,22004.990234375,7869.509765625,151.0,181.0,1702.0,2.7960000038146973,62.85000002384186,22318.0
19209006525,מאמץ,strength_training,2025-05-23 10:59:04,0.0,2009.6209716796875,92.0,116.0,136.0,0.0,,10.0
19209006114,ריצה בהליכון,treadmill_running,2025-05-23 10:16:51,5019.1298828125,1911.4630126953125,129.0,145.0,296.0,2.6259999275207515,,5276.0
19198511667,אינטרוואלים חמיש,running,2025-05-22 06:29:32,11303.919921875,4137.7529296875,137.0,167.0,859.0,2.7320001125335693,28.44999998807907,11664.0
19193626733,מאמץ,strength_training,2025-05-21 18:11:35,0.0,2754.705078125,86.0,113.0,158.0,0.0,,12.0
19189088906,ריצה,running,2025-05-21 08:29:04,7540.56982421875,3104.5400390625,134.0,162.0,579.0,2.428999900817871,15.28999999165535,8544.0
19167830720,ריצה,running,2025-05-19 06:27:43,10189.08984375,3756.881103515625,138.0,162.0,792.0,2.711999893188476,28.72000002861023,10646.0
19147870316,ריצה,running,2025-05-17 06:22:41,16007.01953125,6519.6650390625,140.0,160.0,1246.0,2.4549999237060547,47.6700000166893,18018.0
19143348496,מאמץ,strength_training,2025-05-16 16:56:10,0.0,2884.468017578125,97.0,120.0,219.0,0.0,,32.0
19138674179,שחייה בבריכה,lap_swimming,2025-05-16 06:17:59,1575.0,2712.697021484375,103.0,121.0,384.0,0.5809999704360962,,
19129358063,ריצה,running,2025-05-15 06:33:54,21005.880859375,7853.7509765625,159.0,176.0,1677.0,2.674999952316284,45.33000001311302,22046.0
19118381776,מאמץ,strength_training,2025-05-14 06:41:20,0.0,3327.81298828125,96.0,127.0,247.0,0.0,,10.0
19097369299,מאמץ,strength_training,2025-05-12 06:53:23,0.0,2374.367919921875,85.0,115.0,133.0,0.0,,12.0
19097228107,אליפטיקל,elliptical,2025-05-12 06:41:16,0.0,608.6959838867188,111.0,128.0,69.0,0.0,,724.0
19087096951,ריצה,running,2025-05-11 06:24:43,10230.25,4108.76611328125,136.0,160.0,820.0,2.490000009536743,30.17000000178814,11434.0
19082205592,מאמץ,strength_training,2025-05-10 16:39:56,0.0,3344.7919921875,114.0,138.0,345.0,0.0,,8.0
19058145345,ריצה,running,2025-05-08 06:28:15,13007.1904296875,5151.7060546875,151.0,169.0,1042.0,2.5250000953674316,33.07999999821186,14328.0
19048070250,מאמץ,strength_training,2025-05-07 07:02:52,0.0,3021.8740234375,90.0,120.0,196.0,0.0,,40.0
19037667374,6.5.2025,running,2025-05-06 05:55:59,10144.9697265625,4013.533935546875,142.0,176.0,805.0,2.5280001163482666,28.689999997615814,10522.0
19028265376,ריצה,running,2025-05-05 06:16:48,10517.48046875,4231.5400390625,148.0,178.0,863.0,2.484999895095825,50.11999999731779,11720.0
19009902799,מאמץ,strength_training,2025-05-03 11:14:40,0.0,2889.514892578125,93.0,125.0,202.0,0.0,,10.0
19008383520,ריצה,running,2025-05-03 06:38:22,20041.470703125,7022.8671875,149.0,169.0,1557.0,2.8540000915527344,48.21999999880791,19960.0
18998511219,מאמץ,strength_training,2025-05-02 06:28:32,0.0,2498.177001953125,89.0,121.0,159.0,0.0,,8.0
18987900451,ריצה,running,2025-05-01 07:25:26,14003.5703125,5657.60888671875,136.0,155.0,1086.0,2.4749999046325684,45.689999997615814,15664.0
18977591994,פרטלק רביעי,running,2025-04-30 06:15:45,12004.8203125,4403.97802734375,129.0,154.0,954.0,2.7260000705718994,43.07000000029802,12422.0
18966817209,מאמץ,strength_training,2025-04-29 06:40:58,0.0,2474.784912109375,91.0,116.0,165.0,0.0,,42.0
18966816801,אליפטיקל,elliptical,2025-04-29 06:29:28,0.0,601.135986328125,110.0,121.0,68.0,0.0,,778.0
18956941780,ריצה,running,2025-04-28 06:28:10,12005.080078125,4949.34619140625,149.0,169.0,973.0,2.4260001182556152,47.10999999940395,13664.0
18937121832,ריצה,running,2025-04-26 07:56:12,18009.400390625,6872.29296875,134.0,157.0,1404.0,2.621000051498413,59.059999998658895,19122.0
18929174035,ריצה,running,2025-04-25 11:27:32,6007.10986328125,2459.5849609375,146.0,168.0,481.0,2.441999912261963,32.00999999977648,6786.0
18927616312,מאמץ,strength_training,2025-04-25 06:26:56,0.0,2324.05908203125,85.0,110.0,131.0,0.0,,102.0
18927616007,אליפטיקל,elliptical,2025-04-25 06:16:12,0.0,602.31298828125,109.0,123.0,67.0,0.0,,1038.0
18918335689,אינטרוואלים חמיי,running,2025-04-24 06:19:59,13028.9501953125,4961.93212890625,143.0,178.0,1040.0,2.6259999275207515,56.20999999344349,13042.0
18908201009,Best Average,lap_swimming,2025-04-23 06:44:23,1400.0,2856.174072265625,103.0,144.0,293.0,0.6320000290870667,,
18897814870,ריצה,running,2025-04-22 06:51:12,3306.030029296875,1301.5460205078125,144.0,172.0,266.0,2.539999961853027,16.910000026226044,3682.0
18897814521,קבוצה,running,2025-04-22 05:54:39,6874.0400390625,2611.448974609375,123.0,149.0,535.0,2.631999969482422,32.28000000119209,7076.0
18888070151,מאמץ,strength_training,2025-04-21 09:05:11,0.0,1930.2960205078125,94.0,128.0,144.0,0.0,,10.0
18888069816,אליפטיקל,elliptical,2025-04-21 08:54:43,0.0,304.29901123046875,103.0,115.0,31.0,0.0,,526.0
18878628120,ריצה,running,2025-04-20 06:32:24,9082.1201171875,3698.325927734375,138.0,172.0,736.0,2.4560000896453857,32.55000001192093,10260.0
18874813149,מאמץ,strength_training,2025-04-19 17:29:06,0.0,3164.19189453125,95.0,138.0,236.0,0.0,,34.0
18873838647,אליפטיקל,elliptical,2025-04-19 17:23:14,0.0,314.3420104980469,111.0,122.0,38.0,0.0,,414.0
18871084125,הליכה,walking,2025-04-19 11:38:32,2153.14990234375,4078.595947265625,98.0,131.0,316.0,0.527999997138977,110.54000002145767,3784.0
18869084234,ריצה,running,2025-04-19 07:03:43,10006.2998046875,4251.923828125,121.0,145.0,812.0,2.3529999256134033,41.5799999833107,11724.0
18859826050,מאמץ,strength_training,2025-04-18 07:28:19,0.0,1114.135986328125,91.0,114.0,79.0,0.0,,112.0
18859825852,ריצה בהליכון,treadmill_running,2025-04-18 06:51:02,5018.22998046875,1910.5830078125,140.0,167.0,356.0,2.6270000934600826,,5278.0
18850827666,ריצה,running,2025-04-17 07:32:34,7003.2001953125,2892.6259765625,133.0,148.0,558.0,2.4210000038146973,24.259999990463257,7958.0
18841403588,מאמץ,strength_training,2025-04-16 08:03:40,0.0,2245.385986328125,83.0,116.0,119.0,0.0,,12.0
18841402980,אליפטיקל,elliptical,2025-04-16 07:52:54,0.0,602.166015625,103.0,120.0,59.0,0.0,,1102.0
18802346132,שבת,running,2025-04-12 06:28:09,23006.0703125,8127.90283203125,133.0,164.0,1817.0,2.8310000896453857,57.910000026226044,23142.0
18793215431,מאמץ,strength_training,2025-04-11 06:51:29,0.0,2055.9130859375,87.0,113.0,126.0,0.0,,50.0
18793215146,ריצה בהליכון,treadmill_running,2025-04-11 06:14:34,5019.91015625,1886.81396484375,119.0,131.0,246.0,2.6610000133514404,,5260.0
18783903352,ריצה,running,2025-04-10 06:20:10,14005.75,5670.5927734375,138.0,170.0,1130.0,2.4700000286102295,64.34999999403954,15708.0
18777566562,Aerobic Challenge II,lap_swimming,2025-04-09 15:03:50,2575.0,4952.2900390625,105.0,148.0,645.0,0.5759999752044678,,
18763549116,ריצה,running,2025-04-08 06:53:49,6765.41015625,2796.39599609375,140.0,165.0,553.0,2.4189999103546143,29.349999994039536,7844.0
18754019885,אינטרוואלים שני,running,2025-04-07 06:17:01,11015.48046875,4377.076171875,119.0,148.0,856.0,2.5169999599456787,44.400000005960464,11578.0
18734498970,שבת מתגברת,running,2025-04-05 06:59:26,20003.890625,7198.951171875,155.0,181.0,1601.0,2.7790000438690186,54.44999998807907,20406.0
18725148882,מאמץ,strength_training,2025-04-04 06:57:47,0.0,2496.947998046875,84.0,117.0,139.0,0.0,,8.0
18725148167,אליפטיקל,elliptical,2025-04-04 06:40:42,0.0,603.1810302734375,99.0,109.0,54.0,0.0,,940.0
18715553169,ריצה,running,2025-04-03 06:33:05,13006.990234375,5214.6728515625,155.0,180.0,1068.0,2.49399995803833,30.15999999642372,14460.0
18711093403,Threshold Test Set,lap_swimming,2025-04-02 18:39:26,1950.0,3815.56494140625,109.0,145.0,424.0,0.5809999704360962,,
18705569488,פרטלק נח,running,2025-04-02 06:36:52,10005.7998046875,3729.8291015625,136.0,160.0,798.0,2.683000087738037,32.12999999523163,10526.0
18695330033,מאמץ,strength_training,2025-04-01 07:00:13,0.0,2062.613037109375,79.0,104.0,100.0,0.0,,60.0
18695329716,אליפטיקל,elliptical,2025-04-01 06:48:39,0.0,607.1099853515625,101.0,116.0,58.0,0.0,,1000.0
18685927025,ריצה,running,2025-03-31 06:19:35,12024.91015625,4848.52783203125,146.0,170.0,989.0,2.4800000190734863,32.62000000476837,13456.0
18666936966,ריצה,running,2025-03-29 05:31:12,23007.310546875,8558.3994140625,159.0,178.0,1908.0,2.687999963760376,167.15000000596046,23970.0
18659124773,מאמץ,strength_training,2025-03-28 09:22:15,0.0,2036.7559814453125,94.0,127.0,156.0,0.0,,10.0
18658874594,Race Pace,lap_swimming,2025-03-28 07:58:34,1925.0,4244.31494140625,100.0,128.0,420.0,0.5820000171661377,,
18649004195,ריצה,running,2025-03-27 07:08:58,3006.1201171875,1213.906982421875,141.0,150.0,247.0,2.4760000705718994,10.469999998807907,3398.0
18649003879,ריצה,running,2025-03-27 06:36:08,6007.3701171875,1826.5660400390625,132.0,153.0,465.0,3.2890000343322754,17.439999997615814,5348.0
18649003475,ריצה,running,2025-03-27 06:30:35,156.72000122070312,52.68299865722656,117.0,127.0,10.0,2.9749999046325684,0.0,152.0
18649003291,ריצה,running,2025-03-27 06:15:09,2073.60009765625,836.3930053710938,124.0,144.0,162.0,2.4790000915527344,5.769999980926514,2372.0
18639349715,Aerobic Challenge I,lap_swimming,2025-03-26 06:42:40,2275.0,4394.02490234375,108.0,135.0,562.0,0.5979999899864197,,
18635305950,מאמץ,strength_training,2025-03-25 19:36:01,0.0,1987.5009765625,87.0,114.0,125.0,0.0,,82.0
18635305022,אליפטיקל,elliptical,2025-03-25 19:27:40,0.0,418.822998046875,108.0,122.0,48.0,0.0,,662.0
18629061317,ריצה,running,2025-03-25 06:56:53,2006.300048828125,805.0679931640625,144.0,154.0,166.0,2.492000102996826,9.560000002384186,2284.0
18629061076,almost summer 25.3.25,running,2025-03-25 05:53:30,8423.580078125,3142.363037109375,128.0,159.0,659.0,2.680999994277954,25.200000002980232,8456.0
18620007488,ריצה,running,2025-03-24 06:37:09,15007.8896484375,5858.35595703125,134.0,148.0,1199.0,2.5620000362396236,29.400000005960464,16328.0
18601491955,ריצה,running,2025-03-22 09:41:31,10006.51953125,3968.70703125,145.0,174.0,823.0,2.5209999084472656,32.5799999833107,11048.0
18600981347,Max Distance Per Stroke,lap_swimming,2025-03-22 08:14:43,2125.0,4301.55908203125,105.0,130.0,410.0,0.5860000252723694,,
18592339442,ריצה,running,2025-03-21 07:51:19,12047.169921875,4732.70703125,157.0,173.0,1010.0,2.5460000038146973,57.21999999880791,13206.0
18582771839,ריצה,running,2025-03-20 07:19:37,11036.0302734375,4063.138916015625,146.0,161.0,888.0,2.7160000801086426,35.11999999731779,11596.0
18573035609,מאמץ,strength_training,2025-03-19 08:36:26,0.0,1838.3260498046875,89.0,118.0,121.0,0.0,,94.0
18573033667,אליפטיקל,elliptical,2025-03-19 08:23:52,0.0,627.405029296875,108.0,122.0,71.0,0.0,,1122.0
18562577231,ריצה,running,2025-03-18 06:52:09,2093.330078125,847.510986328125,147.0,162.0,176.0,2.4700000286102295,11.059999998658895,2406.0
18562576986,almost summer 🌞 18.3🏃🏽,running,2025-03-18 05:55:05,7130.77978515625,2706.68310546875,130.0,151.0,567.0,2.634999990463257,20.439999997615814,7234.0
18553646155,מאמץ,strength_training,2025-03-17 07:03:57,0.0,2001.1199951171875,97.0,121.0,162.0,0.0,,8.0
18553645830,ריצה בהליכון,treadmill_running,2025-03-17 06:26:15,5020.60009765625,1859.4000244140625,146.0,167.0,388.0,2.700000047683716,,5226.0
18544108852,ריצה,running,2025-03-16 06:24:44,10005.669921875,4170.5849609375,153.0,175.0,834.0,2.3989999294281006,28.100000001490116,11602.0
18527144032,ריצה,running,2025-03-14 06:41:44,13007.330078125,5066.3720703125,139.0,156.0,1037.0,2.566999912261963,39.360000014305115,14174.0
18518262851,Power 101,lap_swimming,2025-03-13 06:41:48,1875.0,3959.214111328125,98.0,130.0,459.0,0.7210000157356262,,
18510220071,הליכה,walking,2025-03-12 10:55:00,2004.719970703125,2562.927001953125,91.0,116.0,177.0,0.7820000052452087,58.80000001192093,3730.0
18509037576,מאמץ,strength_training,2025-03-12 07:36:00,0.0,2534.632080078125,106.0,127.0,243.0,0.0,,8.0
18508846297,ריצה בהליכון,treadmill_running,2025-03-12 06:48:18,7006.85986328125,2570.330078125,141.0,172.0,497.0,2.7260000705718994,,7164.0
18503869898,שחייה בבריכה,lap_swimming,2025-03-11 17:33:28,1000.0,1794.2860107421875,122.0,136.0,258.0,0.5569999814033508,,
18498893375,ריצה,running,2025-03-11 06:53:35,2046.06005859375,809.72802734375,132.0,153.0,173.0,2.5269999504089355,8.200000002980232,2288.0
18498893156,אימון פורימי🤹 11.3,running,2025-03-11 06:01:34,6828.85009765625,2658.05810546875,136.0,166.0,543.0,2.5690000057220455,21.959999978542328,7044.0
18489752356,ריצה,running,2025-03-10 06:38:44,12005.9697265625,4883.4609375,121.0,140.0,992.0,2.4579999446868896,50.69999998807907,13462.0
18470033443,אימון ריצה שבת,running,2025-03-08 07:08:10,22006.83984375,7876.5927734375,147.0,174.0,1757.0,2.7939999103546143,71.44999998807907,22024.0
18461257891,Aerobic Development,lap_swimming,2025-03-07 07:40:16,1550.0,2930.41796875,110.0,128.0,373.0,0.6389999985694885,,
18461021417,מאמץ,strength_training,2025-03-07 06:55:52,0.0,1855.873046875,92.0,139.0,140.0,0.0,,38.0
18461021159,אליפטיקל,elliptical,2025-03-07 06:44:59,0.0,601.1699829101562,109.0,121.0,67.0,0.0,,1044.0
18451986529,ריצה,running,2025-03-06 06:33:48,15387.9404296875,6023.037109375,140.0,178.0,1295.0,2.5550000667572017,60.89999997615814,16774.0
18442484399,Threshold Test Set,lap_swimming,2025-03-05 07:00:33,1500.0,2889.31298828125,104.0,131.0,330.0,0.6470000147819519,,
18432750990,ריצה,running,2025-03-04 06:54:36,2006.97998046875,829.0980224609375,138.0,151.0,167.0,2.4210000038146973,12.97000002861023,2306.0
18432750750,After marathon tel aviv 1,running,2025-03-04 05:54:44,7409.10986328125,2892.656005859375,124.0,156.0,581.0,2.561000108718872,34.94999998807907,7618.0
18423858235,ריצה,running,2025-03-03 06:56:41,7005.02978515625,2892.030029296875,130.0,149.0,564.0,2.421999931335449,38.20000000298023,8044.0
18419762485,מאמץ,strength_training,2025-03-02 17:18:24,0.0,1771.009033203125,96.0,118.0,140.0,0.0,,28.0
18419761709,אליפטיקל,elliptical,2025-03-02 17:06:10,0.0,673.7540283203125,112.0,124.0,82.0,0.0,,908.0
18397257292,ריצה,running,2025-02-28 08:27:51,863.010009765625,395.83599853515625,140.0,160.0,73.0,2.180000066757202,10.370000004768372,1088.0
18397257020,חצי מרתון תל אביב 2025,running,2025-02-28 06:10:49,21181.16015625,6911.421875,169.0,189.0,1694.0,3.0650000572204594,120.0599999986589,19620.0
18397255578,ריצה,running,2025-02-28 05:40:14,2044.6300048828125,813.697998046875,137.0,153.0,168.0,2.513000011444092,14.400000005960464,2254.0
18379018758,ריצה,running,2025-02-26 06:54:40,5008.10009765625,1959.217041015625,130.0,154.0,415.0,2.555999994277954,53.43000000715256,5474.0
18360570420,שני,running,2025-02-24 06:47:07,11003.0302734375,4075.5810546875,145.0,174.0,899.0,2.700000047683716,50.97000002861023,11226.0
18351112133,ריצה,running,2025-02-23 08:22:28,6006.58984375,2211.89404296875,140.0,156.0,484.0,2.7160000801086426,38.14000000059605,6220.0
18342071698,ריצה,running,2025-02-22 06:49:12,15005.0703125,5636.162109375,143.0,160.0,1197.0,2.661999940872192,44.55000001192093,15798.0
18333837161,Speed 101,lap_swimming,2025-02-21 07:07:11,150.0,2596.8330078125,115.0,153.0,24.0,0.6520000100135803,,
18328453952,ריצה בהליכון,treadmill_running,2025-02-20 15:49:14,5010.0,1932.06396484375,137.0,144.0,349.0,2.5929999351501465,,5310.0
18321101539,ריצה,running,2025-02-19 18:30:54,5005.8701171875,2015.10400390625,153.0,172.0,423.0,2.4839999675750732,21.310000002384186,5580.0
18306731262,מאמץ,strength_training,2025-02-18 06:52:26,0.0,2091.510986328125,93.0,128.0,156.0,0.0,,28.0
18297946837,ריצה,running,2025-02-17 06:26:12,11003.48046875,4176.31884765625,160.0,178.0,922.0,2.634999990463257,39.70999997854233,11732.0
18280054871,ריצה,running,2025-02-15 07:38:43,8005.830078125,2990.01904296875,143.0,174.0,655.0,2.677999973297119,47.93000000715256,8454.0
18272977426,ריצה בהליכון,treadmill_running,2025-02-14 10:07:59,7019.08984375,2641.302978515625,137.0,162.0,459.0,2.6570000648498535,,7306.0
18263614756,חמישי,running,2025-02-13 06:22:10,11004.9404296875,4162.35400390625,138.0,167.0,885.0,2.6440000534057617,32.18000000715256,11688.0
18255487248,מאמץ,strength_training,2025-02-12 09:00:23,0.0,2510.135986328125,97.0,127.0,199.0,0.0,,40.0
18255486740,אליפטיקל,elliptical,2025-02-12 08:49:24,0.0,600.4609985351562,117.0,127.0,80.0,0.0,,1110.0
18245706639,ריצה,running,2025-02-11 06:48:12,8007.60009765625,3259.81591796875,138.0,154.0,648.0,2.4560000896453857,35.14000000059605,9170.0
18241105488,ריצה,running,2025-02-10 17:59:14,4369.740234375,2048.700927734375,142.0,155.0,341.0,2.132999897003174,11.889999985694885,5676.0
18183472304,Improving Stamina,lap_swimming,2025-02-04 07:44:37,2100.0,4025.531005859375,114.0,139.0,530.0,0.6269999742507935,,
18183105101,מאמץ,strength_training,2025-02-04 06:53:22,0.0,2246.39306640625,93.0,121.0,165.0,0.0,,36.0
18183104629,אליפטיקל,elliptical,2025-02-04 06:46:24,0.0,390.34100341796875,113.0,127.0,49.0,0.0,,630.0
18174117985,ריצה מתפתחת,running,2025-02-03 06:10:14,15005.349609375,5399.39013671875,140.0,161.0,1189.0,2.7790000438690186,55.479999989271164,15256.0
18169073398,Technique Focus,lap_swimming,2025-02-02 15:18:20,1850.0,3752.634033203125,116.0,139.0,335.0,0.6269999742507935,,
18156009694,ארוכה שבת,running,2025-02-01 06:50:23,22006.029296875,8043.09716796875,144.0,173.0,1755.0,2.7360000610351562,53.980000019073486,22742.0
18148638568,Intro to Speed & Power,lap_swimming,2025-01-31 09:58:48,1750.0,4081.070068359375,110.0,140.0,374.0,0.6470000147819519,,
18147972166,ריצה,running,2025-01-31 08:18:07,6008.2900390625,2529.426025390625,126.0,145.0,475.0,2.375,20.230000004172325,6998.0
18138856211,חמישי קצב,running,2025-01-30 06:15:48,11417.7001953125,4362.2890625,136.0,159.0,903.0,2.617000102996826,46.62000000476837,11988.0
18120566578,ריצה,running,2025-01-28 07:04:42,4531.7001953125,1894.27099609375,142.0,163.0,359.0,2.3919999599456787,15.009999999776483,5288.0
18120566159,קובי שלישי אימון,running,2025-01-28 05:55:46,7238.58984375,2789.14990234375,141.0,163.0,556.0,2.5950000286102295,42.810000002384186,7276.0
18111962009,ריצה,running,2025-01-27 06:47:33,9005.4404296875,3824.888916015625,124.0,138.0,696.0,2.3540000915527344,28.8299999833107,10670.0
18108787784,Base Training,lap_swimming,2025-01-26 18:04:23,2250.0,4219.44580078125,110.0,132.0,512.0,0.6470000147819519,,
18094211490,ארוכה שבת,running,2025-01-25 06:53:04,24005.890625,8601.416015625,154.0,179.0,1933.0,2.790999889373779,63.85000002384186,24186.0
18089406278,מאמץ,strength_training,2025-01-24 16:36:49,0.0,1995.385986328125,91.0,121.0,138.0,0.0,,20.0
18089147857,אליפטיקל,elliptical,2025-01-24 16:20:01,0.0,785.9739990234375,116.0,132.0,102.0,0.0,,1482.0
18086707894,Threshold Test Set,lap_swimming,2025-01-24 09:14:22,1750.0,3541.64794921875,105.0,128.0,374.0,0.7260000109672546,,
18077505082,ריצה,running,2025-01-23 06:16:52,12025.509765625,4813.5498046875,138.0,156.0,983.0,2.497999906539917,37.72000002861023,13398.0
18073576893,מאמץ,strength_training,2025-01-22 19:01:16,0.0,1941.0009765625,96.0,121.0,151.0,0.0,,28.0
18073576065,אליפטיקל,elliptical,2025-01-22 18:53:35,0.0,360.9150085449219,116.0,128.0,49.0,0.0,,712.0
18068666445,Technique Focus,lap_swimming,2025-01-22 06:39:17,1400.0,2952.033935546875,99.0,125.0,208.0,0.5830000042915344,,
18050801690,שני פארטלק,running,2025-01-20 06:11:46,12603.5,4490.68798828125,140.0,170.0,1010.0,2.806999921798706,48.0,12794.0
18032730203,ארוכה שבת,running,2025-01-18 06:35:09,22008.16015625,7955.68994140625,140.0,172.0,1714.0,2.7660000324249268,71.18999999761581,22510.0
18025322353,Building the Base,lap_swimming,2025-01-17 10:20:49,1550.0,3147.094970703125,111.0,139.0,343.0,0.6309999823570251,,
18024347188,ריצה,running,2025-01-17 07:05:47,6582.06005859375,2656.681884765625,128.0,146.0,537.0,2.4779999256134033,25.349999994039536,7404.0
18015542317,מתגברת חמישי,running,2025-01-16 06:03:33,16004.9404296875,5655.8662109375,152.0,176.0,1299.0,2.8299999237060547,42.07000000029802,16052.0
18006615904,Technique Focus,lap_swimming,2025-01-15 07:05:11,1125.0,2963.7958984375,101.0,147.0,166.0,0.5260000228881836,,
18006420798,מאמץ,strength_training,2025-01-15 06:22:50,0.0,2032.071044921875,89.0,131.0,133.0,0.0,,16.0
18006420476,אליפטיקל,elliptical,2025-01-15 06:12:03,0.0,600.698974609375,108.0,120.0,66.0,0.0,,1036.0
17997220369,אינטרוואלים רגוע,running,2025-01-14 06:41:55,10006.169921875,3774.47607421875,160.0,185.0,839.0,2.6510000228881836,46.860000014305115,10210.0
17988261269,ריצה,running,2025-01-13 06:30:54,11007.1396484375,4231.27783203125,136.0,156.0,903.0,2.6010000705718994,51.55000001192093,11820.0
17984975087,שחייה,swimming,2025-01-12 19:17:42,1000.0,2272.0,,,324.0,0.4401408450704225,,
17969991479,ארוכה שבת,running,2025-01-11 05:49:39,19006.919921875,6485.22802734375,147.0,165.0,1415.0,2.930999994277954,74.50999999046326,18506.0
17963110884,ריצה,running,2025-01-10 09:56:01,10008.3203125,4439.77587890625,133.0,148.0,778.0,2.253999948501587,67.0,12136.0
17962262203,שחייה בבריכה,lap_swimming,2025-01-10 07:46:27,1000.0,1810.7099609375,109.0,135.0,245.0,0.5519999861717224,,
17962106053,מאמץ,strength_training,2025-01-10 07:05:36,0.0,1811.2139892578125,78.0,109.0,83.0,0.0,,8.0
17962105849,אליפטיקל,elliptical,2025-01-10 06:48:33,0.0,602.1420288085938,103.0,117.0,60.0,0.0,,1014.0
17954178730,ריצה,running,2025-01-09 07:46:17,16007.01953125,6142.47509765625,142.0,165.0,1327.0,2.6059999465942383,94.10999999940395,17208.0
17945025959,אליפטיקל,elliptical,2025-01-08 06:40:10,0.0,601.2789916992188,113.0,122.0,74.0,0.0,,994.0
17936109090,ריצה,running,2025-01-07 06:35:37,12008.419921875,4814.64208984375,132.0,152.0,943.0,2.49399995803833,55.610000014305115,13462.0
17927412872,מתגברת שני,running,2025-01-06 06:44:00,12005.1904296875,4334.7890625,155.0,175.0,955.0,2.7690000534057617,38.37999999523163,12370.0
17924267796,שחייה בבריכה,lap_swimming,2025-01-05 18:40:17,700.0,1262.6009521484375,118.0,132.0,172.0,0.5540000200271606,,
17924034929,מאמץ,strength_training,2025-01-05 17:59:57,0.0,2136.2490234375,102.0,125.0,186.0,0.0,,48.0
17924034162,אליפטיקל,elliptical,2025-01-05 17:43:25,0.0,601.3099975585938,117.0,135.0,81.0,0.0,,1218.0
